1,,,,,,,
"""786f782a-8812-12ed-a1eb-0242ac12012""","""T12""","""2017-07-28 03:11:35+05:30""",10,"""DEPOSITE""","""2017-07-28 03:11:35+05:30""",10,"""{""name"":""Hary""}"""
"""786f782a-8812-13ed-a1eb-0242ac12003""","""T13""","""2017-07-28 03:11:35+05:30""",11,"""DEPOSITE""","""2017-07-28 03:11:35+05:30""",11,"""{""name"":""Hary""}"""
"""886f782a-8812-14ed-a1eb-0242ac120002""","""T14""","""2017-07-28 03:11:35+05:30""",12,"""DEPOSITE""","""2017-07-28 03:11:35+05:30""",12,"""{""name"":""Hary""}"""
"""626e869b6-8816-15ed-a1eb-0242ac120098""","""T14""","""2017-07-28 03:11:35+05:30""",13,"""DEPOSITE""","""2017-07-28 03:11:35+05:30""",13,"""{""name"":""Hary""}"""
"""986f782a-8812-16ed-a1eb-0242ac120002""","""T14""","""2017-07-28 03:11:35+05:30""",14,"""DEPOSITE""","""2017-07-28 03:11:35+05:30""",14,"""{""name"":""Hary""}"""
,,,,,,,
,,,,,,,
,,,,,,,
,,,,,,,
,,,,,,,
,,,,,,,
